{"stat.leaveGame":3,"stat.killEntity.grimoireofgaia.ant":4,"stat.mineBlock.minecraft.sandstone":1,"stat.pickup.jurassicraft.crickets":6,"stat.pickup.evilcraft.environmental_accumulation_core":2,"stat.killEntity.grimoireofgaia.mite":2,"stat.useItem.minecraft.planks":13,"stat.pickup.jurassicraft.west_indian_lilac":1,"stat.pickup.minecraft.porkchop":11,"stat.useItem.extrautils2.goldenlasso":1,"stat.craftItem.spartanweaponry.hammer_iron":1,"stat.pickup.minecraft.rotten_flesh":9,"stat.pickup.minecraft.sand":6,"stat.useItem.spartanweaponry.greatsword_diamond":123,"stat.useItem.chisel.marble":7,"stat.craftItem.minecraft.stone_axe":2,"stat.killEntity.Enderman":3,"stat.pickup.grimoireofgaia.misc_fur":2,"stat.mineBlock.minecraft.sand":7,"stat.craftItem.wings.evil_wings":1,"stat.useItem.minecraft.iron_pickaxe":403,"stat.craftItem.minecraft.wooden_pickaxe":1,"stat.drop.minecraft.cooked_mutton":9,"stat.pickup.minecraft.double_plant":1,"stat.mineBlock.evilcraft.environmental_accumulator":2,"stat.mineBlock.chisel.marble2":11,"stat.furnaceInteraction":149,"stat.craftItem.chococraft.chocopedia":1,"stat.craftItem.spartanweaponry.material":8,"stat.mineBlock.botania.flower":16,"stat.mineBlock.traverse.fir_log":92,"stat.drop.spartanweaponry.greatsword_diamond":1,"stat.pickup.minecraft.beef":87,"stat.craftItem.chococraft.chocobo_whistle":1,"stat.pickup.minecraft.furnace":4,"stat.useItem.minecraft.cooked_mutton":52,"stat.useItem.spartanweaponry.saber_iron":141,"stat.pickup.minecraft.skull":3,"stat.pickup.mca.rose_gold_ore":6,"stat.killEntity.Horse":3,"stat.pickup.minecraft.stone_stairs":4,"stat.mineBlock.jurassicraft.amber_ore":1,"stat.pickup.minecraft.emerald":1,"stat.useItem.minecraft.beef":21,"stat.deaths":18,"stat.pickup.minecraft.egg":4,"stat.playOneMinute":404782,"stat.craftItem.minecraft.iron_pickaxe":1,"stat.pickup.spartanweaponry.hammer_iron":1,"stat.drop.minecraft.glass_bottle":1,"stat.pickup.chisel.marble2":11,"stat.mineBlock.minecraft.tallgrass":61,"stat.craftItem.minecraft.cooked_mutton":70,"stat.chestOpened":110,"stat.craftItem.traverse.fir_planks":368,"stat.craftItem.minecraft.light_weighted_pressure_plate":2,"stat.pickup.botania.mushroom":4,"stat.useItem.minecraft.stone":2,"stat.pickup.minecraft.arrow":4,"stat.killEntity.grimoireofgaia.cyan_flower":1,"stat.entityKilledBy.Vex":1,"stat.mineBlock.botania.mushroom":3,"stat.fallOneCm":214498,"stat.crouchOneCm":38529,"stat.mineBlock.minecraft.chest":1,"stat.craftItem.minecraft.iron_ingot":74,"stat.craftItem.minecraft.chest":60,"stat.entityKilledBy.grimoireofgaia.werecat":1,"stat.craftItem.spartanweaponry.battleaxe_iron":1,"stat.craftingTableInteraction":57,"stat.mineBlock.minecraft.log2":30,"stat.pickup.minecraft.feather":6,"stat.useItem.minecraft.furnace":2,"stat.craftItem.mca.rose_gold_ingot":5,"stat.pickup.minecraft.dye":46,"stat.pickup.minecraft.planks":26,"stat.pickup.chisel.limestone2":3,"stat.pickup.minecraft.wheat_seeds":9,"stat.drop.jurassicraft.crickets":1,"stat.mineBlock.minecraft.gravel":5,"stat.killEntity.grimoireofgaia.anubis":1,"stat.useItem.minecraft.stone_pickaxe":321,"stat.craftItem.minecraft.iron_leggings":1,"stat.killEntity.Rabbit":7,"stat.mineBlock.minecraft.dirt":12,"stat.pickup.evilcraft.origins_of_darkness":1,"stat.useItem.minecraft.torch":17,"stat.pickup.minecraft.iron_nugget":19,"stat.drop.minecraft.rotten_flesh":1,"stat.pickup.minecraft.crafting_table":10,"stat.useItem.minecraft.log":3,"stat.useItem.minecraft.cobblestone":204,"stat.craftItem.minecraft.crafting_table":4,"stat.craftItem.backpacks16840.backpack":2,"stat.pickup.minecraft.log":18,"stat.craftItem.spartanweaponry.saber_iron":1,"stat.craftItem.minecraft.gold_ingot":24,"stat.pickup.minecraft.chicken":3,"stat.killEntity.grimoireofgaia.mummy":1,"stat.craftItem.wings.fairy_wings":1,"stat.pickup.minecraft.sapling":2,"stat.craftItem.minecraft.planks":176,"stat.useItem.minecraft.iron_sword":21,"stat.pickup.minecraft.book":3,"stat.useItem.carryon.entity_item":6,"stat.craftItem.minecraft.paper":3,"stat.pickup.spartanweaponry.greatsword_diamond":1,"stat.pickup.minecraft.red_flower":60,"stat.sneakTime":17136,"stat.pickup.minecraft.wool":67,"stat.pickup.minecraft.rabbit":4,"stat.useItem.minecraft.wooden_axe":90,"stat.pickup.minecraft.stone_slab":2,"stat.pickup.minecraft.chest":1,"stat.pickup.minecraft.bone":2,"stat.mineBlock.minecraft.cobblestone":45,"stat.killEntity.grimoireofgaia.dryad":1,"stat.pickup.minecraft.flint":1,"stat.swimOneCm":44800,"stat.climbOneCm":2209,"stat.craftItem.spartanweaponry.greatsword_diamond":1,"stat.pickup.jurassicraft.amber":1,"stat.mineBlock.evilcraft.dark_ore":3,"stat.pickup.chococraft.chocobo_drumstick_raw":3,"stat.pickup.chisel.marble":8,"stat.mineBlock.chisel.marble":8,"stat.pickup.wings.fairy_dust":23,"stat.useItem.minecraft.stone_slab2":34,"stat.entityKilledBy.grimoireofgaia.mummy":1,"stat.useItem.mca.rose_gold_ore":1,"stat.craftItem.minecraft.furnace":1,"stat.useItem.minecraft.egg":2,"stat.craftItem.minecraft.iron_boots":1,"stat.craftItem.minecraft.stone_pickaxe":3,"stat.craftItem.minecraft.cooked_beef":75,"stat.pickup.minecraft.cobblestone":3544,"stat.mineBlock.chisel.limestone2":3,"stat.flyOneCm":1911935,"stat.pickup.minecraft.sandstone":1,"stat.pickup.minecraft.glass_bottle":1,"stat.useItem.chisel.limestone2":2,"stat.useItem.minecraft.cooked_beef":39,"stat.pickup.minecraft.cactus":2,"stat.pickup.minecraft.redstone":99,"stat.mineBlock.minecraft.iron_ore":30,"stat.craftItem.minecraft.book":1,"stat.timeSinceDeath":0,"stat.pickup.chococraft.lovely_gysahl_green":5,"stat.pickup.minecraft.mutton":106,"stat.pickup.minecraft.mossy_cobblestone":5,"stat.pickup.minecraft.stonebrick":1,"stat.mineBlock.minecraft.coal_ore":75,"stat.pickup.chococraft.chocobo_feather":4,"stat.pickup.minecraft.shield":1,"stat.killEntity.Creeper":1,"stat.talkedToVillager":8,"stat.pickup.minecraft.string":2,"stat.pickup.tombstone.crafting_ingredient":3,"stat.pickup.grimoireofgaia.food_root":1,"stat.craftItem.minecraft.stone_slab2":0,"stat.killEntity.Squid":1,"stat.sprintOneCm":575499,"stat.mineBlock.minecraft.stone_slab":3,"stat.craftItem.minecraft.stick":48,"stat.craftItem.minecraft.wooden_axe":2,"stat.useItem.carryon.tile_item":22,"stat.craftItem.minecraft.gold_nugget":9,"stat.mineBlock.minecraft.diamond_ore":14,"stat.pickup.minecraft.grass":2,"stat.mineBlock.minecraft.crafting_table":11,"stat.useItem.minecraft.diamond_pickaxe":27,"stat.pickup.chococraft.gysahl_green_seeds":61,"stat.drop.evilcraft.origins_of_darkness":1,"stat.pickup.botania.flower":17,"stat.entityKilledBy.Creeper":3,"stat.mineBlock.minecraft.planks":6,"stat.drop":14,"stat.craftItem.hammertime.itemhammeriron":2,"stat.killEntity.Sheep":68,"stat.craftItem.minecraft.diamond_pickaxe":1,"stat.killEntity.Zombie":2,"stat.craftItem.minecraft.dye":2,"stat.pickup.artifacts.bottled_cloud":1,"stat.mineBlock.minecraft.gold_ore":24,"stat.diveOneCm":17976,"stat.mineBlock.botania.doubleflower1":1,"stat.pickup.minecraft.gravel":7,"stat.mineBlock.minecraft.deadbush":1,"stat.useItem.minecraft.porkchop":5,"stat.useItem.minecraft.potion":1,"stat.jump":5972,"stat.useItem.minecraft.sand":2,"stat.pickup.minecraft.coal":192,"stat.pickup.minecraft.iron_ingot":34,"stat.useItem.minecraft.stone_axe":9,"stat.pickup.minecraft.gunpowder":2,"stat.craftItem.minecraft.torch":20,"stat.pickup.minecraft.dirt":12,"stat.craftItem.minecraft.iron_helmet":1,"stat.mineBlock.wings.amethyst_ore":3,"stat.pickup.minecraft.iron_ore":93,"stat.mineBlock.mca.rose_gold_ore":1,"stat.pickup.minecraft.gold_ore":24,"stat.mineBlock.minecraft.lapis_ore":9,"stat.useItem.spartanweaponry.hammer_iron":4,"stat.mineBlock.minecraft.leaves2":6,"stat.mineBlock.minecraft.stone_stairs":4,"stat.pickup.minecraft.leather":41,"stat.damageTaken":12108,"stat.craftItem.extrautils2.goldenlasso":2,"stat.mineBlock.minecraft.torch":10,"stat.mineBlock.minecraft.furnace":3,"stat.mineBlock.minecraft.red_flower":56,"stat.useItem.minecraft.wooden_pickaxe":7,"stat.pickup.evilcraft.dark_gem":6,"stat.pickup.minecraft.log2":29,"stat.pickup.minecraft.reeds":36,"stat.pickup.minecraft.rabbit_hide":3,"stat.damageDealt":18507,"stat.sleepInBed":3,"stat.pickup.chococraft.gysahl_green":28,"stat.killEntity.Cow":39,"stat.useItem.minecraft.crafting_table":7,"stat.killEntity.Pig":5,"stat.craftItem.minecraft.iron_sword":1,"stat.walkOneCm":480933,"stat.useItem.minecraft.chest":56,"stat.pickup.dynamictrees.birchseed":7,"stat.pickup.minecraft.stick":11,"stat.pickup.grimoireofgaia.food_honey":2,"stat.useItem.spartanweaponry.battleaxe_iron":102,"stat.pickup.minecraft.rabbit_foot":1,"stat.pickup.traverse.fir_log":92,"stat.pickup.minecraft.stone":202,"stat.craftItem.minecraft.iron_chestplate":1,"stat.craftItem.hammertime.itemhammerdiamond":1,"stat.pickup.minecraft.ender_pearl":1,"stat.killEntity.Skeleton":4,"stat.pickup.jurassicraft.fossil_block_0":4,"stat.pickup.dynamictrees.cactusseed":1,"stat.mineBlock.minecraft.stonebrick":1,"stat.killEntity.Chicken":3,"stat.mobKills":153,"stat.mineBlock.minecraft.bookshelf":1,"stat.pickup.minecraft.diamond":32,"stat.mineBlock.minecraft.leaves":1,"stat.mineBlock.wings.fairy_dust_ore":17,"stat.pickup.minecraft.torch":24,"stat.pickup.wings.amethyst":3,"stat.mineBlock.minecraft.stone":483}