{"stat.pickup.minecraft.sand":1,"stat.walkOneCm":16612,"stat.craftItem.minecraft.planks":96,"stat.leaveGame":1,"stat.mineBlock.minecraft.leaves2":6,"stat.mineBlock.minecraft.log2":30,"stat.pickup.minecraft.crafting_table":2,"stat.mineBlock.minecraft.crafting_table":2,"stat.pickup.minecraft.leather":6,"stat.damageTaken":1432,"stat.craftItem.minecraft.crafting_table":1,"stat.pickup.iceandfire.dragon_skull":1,"stat.mineBlock.minecraft.deadbush":1,"stat.mobKills":13,"stat.pickup.minecraft.log2":29,"stat.pickup.minecraft.planks":24,"stat.useItem.minecraft.beef":9,"stat.useItem.carryon.entity_item":1,"stat.pickup.jurassicraft.crickets":3,"stat.flyOneCm":146499,"stat.deaths":5,"stat.mineBlock.minecraft.planks":4,"stat.pickup.minecraft.wheat_seeds":3,"stat.jump":577,"stat.mineBlock.minecraft.sand":2,"stat.playOneMinute":17874,"stat.fallOneCm":16447,"stat.useItem.minecraft.planks":10,"stat.pickup.minecraft.rabbit_hide":2,"stat.pickup.minecraft.beef":27,"stat.sneakTime":2005,"stat.damageDealt":1268,"stat.crouchOneCm":3141,"stat.timeSinceDeath":566,"stat.useItem.minecraft.wooden_axe":68,"stat.pickup.minecraft.sapling":2,"stat.killEntity.Cow":12,"stat.sprintOneCm":47494,"stat.useItem.minecraft.stone_slab2":4,"stat.craftItem.minecraft.wooden_pickaxe":1,"stat.mineBlock.minecraft.tallgrass":14,"stat.craftItem.minecraft.stick":12,"stat.craftItem.minecraft.wooden_axe":2,"stat.craftingTableInteraction":3,"stat.entityKilledBy.deathworm":1}