{"stat.chestOpened":29,"stat.craftItem.minecraft.light_weighted_pressure_plate":2,"stat.pickup.botania.mushroom":4,"stat.useItem.minecraft.stone":2,"stat.mineBlock.botania.doubleflower1":1,"stat.leaveGame":2,"stat.pickup.minecraft.gravel":7,"stat.pickup.minecraft.arrow":2,"stat.mineBlock.minecraft.cobblestone":11,"stat.pickup.minecraft.flint":1,"stat.killEntity.grimoireofgaia.ant":3,"stat.mineBlock.minecraft.deadbush":1,"stat.useItem.minecraft.porkchop":3,"stat.mineBlock.minecraft.sandstone":1,"stat.pickup.jurassicraft.crickets":3,"stat.mineBlock.botania.mushroom":3,"stat.jump":2651,"stat.swimOneCm":27082,"stat.pickup.evilcraft.environmental_accumulation_core":1,"stat.pickup.minecraft.coal":136,"stat.fallOneCm":75795,"stat.useItem.minecraft.planks":13,"stat.climbOneCm":780,"stat.pickup.minecraft.iron_ingot":13,"stat.pickup.jurassicraft.amber":1,"stat.useItem.minecraft.stone_axe":9,"stat.mineBlock.evilcraft.dark_ore":3,"stat.pickup.minecraft.gunpowder":1,"stat.pickup.minecraft.porkchop":11,"stat.pickup.chococraft.chocobo_drumstick_raw":3,"stat.crouchOneCm":24160,"stat.mineBlock.minecraft.chest":1,"stat.craftItem.minecraft.iron_ingot":50,"stat.craftItem.minecraft.torch":4,"stat.craftItem.minecraft.chest":1,"stat.pickup.minecraft.dirt":5,"stat.craftItem.minecraft.iron_helmet":1,"stat.pickup.wings.fairy_dust":18,"stat.useItem.minecraft.stone_slab2":19,"stat.mineBlock.wings.amethyst_ore":3,"stat.craftItem.spartanweaponry.hammer_iron":1,"stat.entityKilledBy.grimoireofgaia.mummy":1,"stat.craftingTableInteraction":36,"stat.pickup.minecraft.iron_ore":57,"stat.pickup.minecraft.rotten_flesh":3,"stat.pickup.minecraft.sand":3,"stat.craftItem.minecraft.furnace":1,"stat.pickup.minecraft.gold_ore":24,"stat.mineBlock.minecraft.lapis_ore":4,"stat.useItem.spartanweaponry.hammer_iron":3,"stat.useItem.minecraft.egg":2,"stat.craftItem.minecraft.stone_axe":2,"stat.mineBlock.minecraft.leaves2":6,"stat.craftItem.minecraft.iron_boots":1,"stat.mineBlock.minecraft.log2":30,"stat.mineBlock.minecraft.stone_stairs":3,"stat.pickup.minecraft.leather":30,"stat.damageTaken":3460,"stat.pickup.minecraft.feather":3,"stat.craftItem.minecraft.stone_pickaxe":3,"stat.mineBlock.minecraft.torch":3,"stat.mineBlock.minecraft.furnace":3,"stat.mineBlock.minecraft.red_flower":12,"stat.useItem.minecraft.wooden_pickaxe":7,"stat.craftItem.minecraft.cooked_beef":15,"stat.pickup.evilcraft.dark_gem":6,"stat.pickup.minecraft.cobblestone":1840,"stat.pickup.minecraft.log2":29,"stat.pickup.minecraft.dye":26,"stat.pickup.minecraft.planks":25,"stat.mineBlock.chisel.limestone2":3,"stat.pickup.minecraft.reeds":33,"stat.pickup.chisel.limestone2":3,"stat.flyOneCm":547617,"stat.pickup.minecraft.sandstone":1,"stat.pickup.minecraft.wheat_seeds":3,"stat.mineBlock.minecraft.sand":4,"stat.useItem.chisel.limestone2":2,"stat.pickup.minecraft.rabbit_hide":2,"stat.mineBlock.minecraft.gravel":5,"stat.useItem.minecraft.stone_pickaxe":321,"stat.useItem.minecraft.cooked_beef":15,"stat.pickup.minecraft.cactus":2,"stat.craftItem.minecraft.iron_leggings":1,"stat.damageDealt":7715,"stat.pickup.minecraft.redstone":34,"stat.mineBlock.minecraft.iron_ore":30,"stat.craftItem.minecraft.book":1,"stat.sleepInBed":1,"stat.timeSinceDeath":32614,"stat.pickup.chococraft.gysahl_green":23,"stat.killEntity.Cow":25,"stat.useItem.minecraft.iron_pickaxe":250,"stat.useItem.minecraft.crafting_table":6,"stat.mineBlock.minecraft.dirt":6,"stat.pickup.chococraft.lovely_gysahl_green":2,"stat.craftItem.minecraft.wooden_pickaxe":1,"stat.killEntity.Pig":4,"stat.craftItem.minecraft.iron_sword":1,"stat.pickup.minecraft.mutton":35,"stat.walkOneCm":131518,"stat.mineBlock.evilcraft.environmental_accumulator":1,"stat.useItem.minecraft.torch":5,"stat.pickup.minecraft.iron_nugget":6,"stat.mineBlock.chisel.marble2":11,"stat.pickup.minecraft.crafting_table":8,"stat.useItem.minecraft.cobblestone":164,"stat.craftItem.minecraft.crafting_table":2,"stat.furnaceInteraction":53,"stat.craftItem.chococraft.chocopedia":1,"stat.craftItem.spartanweaponry.material":8,"stat.mineBlock.botania.flower":10,"stat.mineBlock.minecraft.coal_ore":75,"stat.pickup.grimoireofgaia.food_honey":1,"stat.pickup.chococraft.chocobo_feather":2,"stat.pickup.minecraft.shield":1,"stat.craftItem.backpacks16840.backpack":2,"stat.pickup.minecraft.string":2,"stat.pickup.minecraft.beef":58,"stat.craftItem.spartanweaponry.saber_iron":1,"stat.craftItem.chococraft.chocobo_whistle":1,"stat.pickup.minecraft.furnace":3,"stat.pickup.tombstone.crafting_ingredient":1,"stat.craftItem.minecraft.stone_slab2":0,"stat.craftItem.minecraft.gold_ingot":16,"stat.pickup.minecraft.stone":80,"stat.craftItem.minecraft.iron_chestplate":1,"stat.pickup.minecraft.chicken":2,"stat.pickup.minecraft.sapling":2,"stat.sprintOneCm":217033,"stat.mineBlock.minecraft.stone_slab":3,"stat.useItem.spartanweaponry.saber_iron":93,"stat.craftItem.minecraft.stick":40,"stat.craftItem.minecraft.wooden_axe":2,"stat.killEntity.Skeleton":1,"stat.pickup.dynamictrees.cactusseed":1,"stat.killEntity.Horse":3,"stat.useItem.carryon.tile_item":16,"stat.craftItem.minecraft.planks":116,"stat.pickup.minecraft.stone_stairs":3,"stat.useItem.minecraft.iron_sword":5,"stat.mineBlock.minecraft.diamond_ore":11,"stat.killEntity.Chicken":2,"stat.mineBlock.minecraft.crafting_table":9,"stat.useItem.minecraft.diamond_pickaxe":6,"stat.mobKills":67,"stat.mineBlock.jurassicraft.amber_ore":1,"stat.pickup.chococraft.gysahl_green_seeds":45,"stat.pickup.botania.flower":9,"stat.useItem.minecraft.beef":21,"stat.useItem.carryon.entity_item":1,"stat.deaths":8,"stat.mineBlock.minecraft.planks":5,"stat.pickup.minecraft.diamond":11,"stat.pickup.minecraft.egg":3,"stat.mineBlock.wings.fairy_dust_ore":17,"stat.craftItem.minecraft.paper":3,"stat.playOneMinute":130773,"stat.pickup.minecraft.torch":3,"stat.craftItem.hammertime.itemhammeriron":2,"stat.killEntity.Sheep":24,"stat.pickup.minecraft.red_flower":12,"stat.sneakTime":12310,"stat.craftItem.minecraft.iron_pickaxe":1,"stat.pickup.wings.amethyst":3,"stat.pickup.minecraft.wool":24,"stat.craftItem.minecraft.diamond_pickaxe":1,"stat.killEntity.Zombie":1,"stat.craftItem.minecraft.dye":2,"stat.useItem.minecraft.wooden_axe":90,"stat.pickup.minecraft.stone_slab":2,"stat.mineBlock.minecraft.stone":370,"stat.mineBlock.minecraft.gold_ore":24,"stat.pickup.chisel.marble2":11,"stat.mineBlock.minecraft.tallgrass":43,"stat.diveOneCm":8642,"stat.pickup.minecraft.chest":1}