{"stat.walkOneCm":22974,"stat.pickup.minecraft.stick":2,"stat.leaveGame":2,"stat.pickup.minecraft.stone_pickaxe":1,"stat.pickup.minecraft.stonebrick":1,"stat.craftItem.minecraft.crafting_table":1,"stat.furnaceInteraction":3,"stat.pickup.minecraft.stone_axe":1,"stat.mineBlock.minecraft.double_plant":1,"stat.pickup.iceandfire.dragon_skull":2,"stat.mineBlock.minecraft.coal_ore":2,"stat.pickup.jurassicraft.crickets":11,"stat.jump":634,"stat.swimOneCm":395,"stat.pickup.minecraft.coal":2,"stat.fallOneCm":21154,"stat.climbOneCm":50,"stat.pickup.minecraft.beef":181,"stat.pickup.minecraft.furnace":2,"stat.pickup.openblocks.info_book":1,"stat.useItem.minecraft.stone_axe":74,"stat.craftItem.minecraft.stone_slab2":0,"stat.crouchOneCm":74,"stat.useItem.minecraft.dirt":1,"stat.pickup.minecraft.dirt":3,"stat.sprintOneCm":51168,"stat.useItem.minecraft.stone_slab2":4,"stat.craftItem.minecraft.stick":8,"stat.craftingTableInteraction":2,"stat.killEntity.deathworm":1,"stat.pickup.minecraft.sand":17,"stat.craftItem.minecraft.furnace":1,"stat.mineBlock.minecraft.stonebrick":3,"stat.craftItem.minecraft.planks":80,"stat.craftItem.minecraft.stone_axe":1,"stat.mineBlock.minecraft.leaves2":1,"stat.mineBlock.minecraft.log2":20,"stat.pickup.minecraft.wooden_pickaxe":1,"stat.pickup.minecraft.leather":68,"stat.damageTaken":-2147482826,"stat.craftItem.minecraft.stone_pickaxe":1,"stat.mineBlock.minecraft.furnace":1,"stat.useItem.minecraft.wooden_pickaxe":14,"stat.craftItem.minecraft.cooked_beef":2,"stat.mobKills":32,"stat.pickup.minecraft.cobblestone":14,"stat.pickup.minecraft.log2":20,"stat.useItem.minecraft.beef":11,"stat.pickup.minecraft.planks":69,"stat.useItem.carryon.entity_item":2,"stat.pickup.iceandfire.dragonbone":44,"stat.flyOneCm":178509,"stat.deaths":3,"stat.drop.jurassicraft.crickets":1,"stat.drop":1,"stat.pickup.minecraft.wheat_seeds":2,"stat.mineBlock.minecraft.sand":1,"stat.playOneMinute":14899,"stat.useItem.minecraft.stone_pickaxe":14,"stat.useItem.minecraft.cooked_beef":2,"stat.sneakTime":50,"stat.damageDealt":3198,"stat.timeSinceDeath":278,"stat.killEntity.Cow":30,"stat.mineBlock.minecraft.dirt":3,"stat.craftItem.minecraft.wooden_pickaxe":1,"stat.mineBlock.minecraft.stone":14,"stat.mineBlock.minecraft.tallgrass":13,"stat.entityKilledBy.deathworm":2}