{"stat.craftItem.minecraft.diamond_chestplate":1,"stat.pickup.minecraft.bone":8,"stat.craftItem.minecraft.diamond_leggings":1,"stat.horseOneCm":2974,"stat.craftItem.backpacks16840.backpack_pouch":1,"stat.leaveGame":3,"stat.mineBlock.minecraft.cobblestone":8,"stat.pickup.minecraft.stone_pickaxe":1,"stat.pickup.jurassicraft.plant_fossil":1,"stat.killEntity.grimoireofgaia.ant":4,"stat.useItem.minecraft.diamond_sword":194,"stat.mineBlock.minecraft.sandstone":4,"stat.drop.minecraft.shield":1,"stat.pickup.jurassicraft.crickets":15,"stat.craftItem.minecraft.diamond_helmet":1,"stat.swimOneCm":33924,"stat.climbOneCm":1501,"stat.useItem.minecraft.planks":6,"stat.craftItem.minecraft.shield":2,"stat.drop.minecraft.cobblestone":1,"stat.mineBlock.evilcraft.dark_ore":10,"stat.pickup.minecraft.porkchop":24,"stat.entityKilledBy.grimoireofgaia.arachne":1,"stat.pickup.wings.fairy_dust":43,"stat.useItem.minecraft.dirt":58,"stat.useItem.minecraft.stone_slab2":49,"stat.pickup.minecraft.bow":2,"stat.pickup.minecraft.rotten_flesh":13,"stat.pickup.minecraft.sand":23,"stat.craftItem.minecraft.furnace":7,"stat.entityKilledBy.Spider":1,"stat.killEntity.artifacts.mimic":6,"stat.craftItem.minecraft.stone_axe":3,"stat.craftItem.minecraft.iron_boots":1,"stat.useItem.minecraft.iron_ore":1,"stat.craftItem.spartanshields.shield_tower_diamond":1,"stat.craftItem.minecraft.stone_pickaxe":1,"stat.craftItem.minecraft.cooked_beef":40,"stat.killEntity.Enderman":1,"stat.pickup.minecraft.cobblestone":811,"stat.useItem.grimoireofgaia.food_honey":1,"stat.pickup.artifacts.power_glove":1,"stat.mineBlock.chisel.limestone2":9,"stat.flyOneCm":1049840,"stat.pickup.minecraft.sandstone":3,"stat.useItem.minecraft.ender_pearl":1,"stat.mineBlock.minecraft.sand":4,"stat.craftItem.wings.evil_wings":1,"stat.pickup.artifacts.lucky_horseshoe":1,"stat.drop.minecraft.wheat_seeds":4,"stat.useItem.minecraft.cooked_beef":41,"stat.pickup.minecraft.cactus":1,"stat.pickup.minecraft.redstone":11,"stat.mineBlock.minecraft.iron_ore":40,"stat.timeSinceDeath":34938,"stat.useItem.minecraft.iron_pickaxe":144,"stat.pickup.minecraft.stained_hardened_clay":1,"stat.craftItem.minecraft.wooden_pickaxe":1,"stat.pickup.minecraft.mutton":18,"stat.pickup.minecraft.mossy_cobblestone":4,"stat.killEntity.grimoireofgaia.goblin":1,"stat.mineBlock.chisel.marble2":2,"stat.mineBlock.minecraft.vine":1,"stat.killEntity.grimoireofgaia.deathword":1,"stat.pickup.minecraft.stonebrick":1,"stat.furnaceInteraction":133,"stat.pickup.artifacts.night_vision_goggles":1,"stat.drop.minecraft.dirt":1,"stat.useItem.minecraft.cooked_porkchop":23,"stat.pickup.minecraft.iron_shovel":1,"stat.killEntity.grimoireofgaia.ender_eye":3,"stat.killEntity.ZombieVillager":1,"stat.mineBlock.minecraft.coal_ore":38,"stat.mineBlock.traverse.fir_log":3,"stat.killEntity.Creeper":3,"stat.talkedToVillager":4,"stat.pickup.minecraft.string":6,"stat.pickup.minecraft.beef":238,"stat.pickup.minecraft.furnace":4,"stat.useItem.minecraft.cooked_mutton":15,"stat.pickup.tombstone.crafting_ingredient":1,"stat.craftItem.minecraft.stone_slab2":0,"stat.mineBlock.minecraft.stained_hardened_clay":1,"stat.sprintOneCm":377790,"stat.pickup.minecraft.paper":1,"stat.useItem.minecraft.diamond_shovel":75,"stat.craftItem.minecraft.stick":36,"stat.pickup.mca.rose_gold_ore":11,"stat.mineBlock.jurassicraft.gypsum_stone":3,"stat.entityKilledBy.grimoireofgaia.deathword":2,"stat.useItem.carryon.tile_item":1,"stat.mineBlock.minecraft.diamond_ore":39,"stat.useItem.minecraft.diamond_pickaxe":334,"stat.pickup.minecraft.emerald":5,"stat.useItem.minecraft.beef":35,"stat.deaths":8,"stat.mineBlock.minecraft.planks":2,"stat.drop":39,"stat.pickup.grimoireofgaia.misc_pearl":2,"stat.playOneMinute":156376,"stat.drop.minecraft.string":2,"stat.mineBlock.minecraft.stone_pressure_plate":1,"stat.craftItem.hammertime.itemhammeriron":1,"stat.killEntity.Sheep":9,"stat.craftItem.minecraft.iron_pickaxe":1,"stat.craftItem.minecraft.diamond_pickaxe":1,"stat.killEntity.Zombie":11,"stat.craftItem.minecraft.dye":1,"stat.pickup.artifacts.bottled_cloud":2,"stat.drop.minecraft.iron_ingot":1,"stat.pickup.chisel.marble2":1,"stat.mineBlock.minecraft.gold_ore":47,"stat.mineBlock.minecraft.tallgrass":36,"stat.craftItem.minecraft.cooked_mutton":16,"stat.pickup.bountifulbaubles.potionwormhole":1,"stat.diveOneCm":59671,"stat.drop.minecraft.diamond_pickaxe":2,"stat.pickup.minecraft.wheat":3,"stat.drop.artifacts.bottled_cloud":1,"stat.chestOpened":43,"stat.mineBlock.minecraft.mossy_cobblestone":4,"stat.mineBlock.evilcraft.box_of_eternal_closure":1,"stat.craftItem.traverse.fir_planks":8,"stat.craftItem.minecraft.light_weighted_pressure_plate":3,"stat.pickup.evilcraft.box_of_eternal_closure":1,"stat.drop.wolfarmor.diamond_wolf_armor":1,"stat.killEntity.grimoireofgaia.orc":1,"stat.pickup.botania.mushroom":3,"stat.useItem.minecraft.stone":8,"stat.pickup.minecraft.gravel":2,"stat.pickup.minecraft.arrow":9,"stat.drop.minecraft.cooked_beef":1,"stat.craftItem.minecraft.cooked_porkchop":23,"stat.pickup.minecraft.stone_axe":1,"stat.drop.jurassicraft.leg_bones":1,"stat.mineBlock.minecraft.deadbush":1,"stat.killEntity.grimoireofgaia.cecaelia":1,"stat.killEntity.grimoireofgaia.vase":5,"stat.pickup.minecraft.gold_nugget":6,"stat.useItem.hammertime.itemhammeriron":5,"stat.drop.minecraft.iron_pickaxe":2,"stat.mineBlock.botania.mushroom":5,"stat.craftItem.minecraft.diamond_sword":1,"stat.jump":3884,"stat.useItem.minecraft.sand":21,"stat.pickup.minecraft.coal":82,"stat.useItem.minecraft.experience_bottle":2,"stat.fallOneCm":103999,"stat.pickup.minecraft.iron_ingot":1,"stat.pickup.botania.lexicon":1,"stat.drop.minecraft.stone":6,"stat.useItem.minecraft.stone_axe":92,"stat.pickup.minecraft.gunpowder":5,"stat.entityKilledBy.CaveSpider":1,"stat.crouchOneCm":11027,"stat.pickup.minecraft.spider_eye":3,"stat.pickup.grimoireofgaia.pickup_heart":9,"stat.craftItem.minecraft.iron_ingot":60,"stat.craftItem.minecraft.iron_helmet":1,"stat.pickup.minecraft.dirt":71,"stat.pickup.evilcraft.dark_gem_crushed":3,"stat.drop.minecraft.iron_shovel":1,"stat.pickup.minecraft.red_mushroom":1,"stat.mineBlock.wings.amethyst_ore":15,"stat.pickup.artifacts.cobalt_shield":1,"stat.craftingTableInteraction":78,"stat.pickup.minecraft.iron_ore":55,"stat.pickup.jurassicraft.gypsum_powder":4,"stat.mineBlock.mca.rose_gold_ore":5,"stat.pickup.minecraft.gold_ore":49,"stat.mineBlock.minecraft.lapis_ore":9,"stat.drop.backpacks16840.backpack":1,"stat.pickup.minecraft.emerald_ore":1,"stat.mineBlock.minecraft.leaves2":1,"stat.mineBlock.minecraft.log2":20,"stat.pickup.minecraft.wooden_pickaxe":1,"stat.damageTaken":-2147474974,"stat.pickup.minecraft.leather":76,"stat.drop.minecraft.bone":1,"stat.mineBlock.minecraft.furnace":3,"stat.pickup.grimoireofgaia.box":1,"stat.useItem.minecraft.wooden_pickaxe":14,"stat.useItem.minecraft.furnace":1,"stat.pickup.evilcraft.dark_gem":23,"stat.pickup.minecraft.log2":20,"stat.pickup.minecraft.dye":62,"stat.pickup.minecraft.planks":124,"stat.killEntity.CaveSpider":4,"stat.pickup.chisel.limestone2":13,"stat.drop.chococraft.gysahl_green":3,"stat.craftItem.minecraft.diamond_shovel":1,"stat.drop.jurassicraft.crickets":5,"stat.pickup.minecraft.wheat_seeds":9,"stat.killEntity.grimoireofgaia.flesh_lich":3,"stat.useItem.minecraft.stone_pickaxe":121,"stat.craftItem.minecraft.iron_leggings":1,"stat.damageDealt":29114,"stat.killEntity.grimoireofgaia.bone_knight":1,"stat.pickup.artifacts.shock_pendant":1,"stat.pickup.chococraft.gysahl_green":3,"stat.killEntity.Cow":40,"stat.mineBlock.minecraft.dirt":89,"stat.killEntity.Pig":13,"stat.craftItem.minecraft.iron_sword":1,"stat.pickup.grimoireofgaia.food_meat":2,"stat.walkOneCm":274975,"stat.pickup.minecraft.golden_apple":1,"stat.playerKills":1,"stat.pickup.minecraft.stick":2,"stat.drop.tombstone.crafting_ingredient":1,"stat.pickup.minecraft.iron_nugget":27,"stat.pickup.minecraft.diamond_pickaxe":2,"stat.mineBlock.jurassicraft.plant_fossil_block":1,"stat.pickup.minecraft.clay_ball":1,"stat.useItem.minecraft.cobblestone":308,"stat.craftItem.minecraft.crafting_table":7,"stat.killEntity.grimoireofgaia.arachne":5,"stat.mineBlock.minecraft.double_plant":2,"stat.pickup.grimoireofgaia.food_honey":1,"stat.useItem.spartanweaponry.battleaxe_iron":3,"stat.mineBlock.minecraft.emerald_ore":5,"stat.pickup.traverse.fir_log":2,"stat.craftItem.backpacks16840.backpack":3,"stat.craftItem.minecraft.diamond_boots":1,"stat.pickup.minecraft.iron_pickaxe":1,"stat.pickup.openblocks.info_book":1,"stat.craftItem.minecraft.gold_ingot":15,"stat.pickup.minecraft.stone":92,"stat.craftItem.minecraft.iron_chestplate":1,"stat.pickup.minecraft.ender_pearl":2,"stat.drop.wolfarmor.gold_wolf_armor":1,"stat.pickup.jurassicraft.leg_bones":2,"stat.killEntity.Skeleton":15,"stat.craftItem.spartanshields.shield_tower_wood":1,"stat.mineBlock.minecraft.cactus":1,"stat.mineBlock.minecraft.stonebrick":3,"stat.craftItem.minecraft.planks":80,"stat.useItem.minecraft.iron_sword":255,"stat.killEntity.Spider":7,"stat.mobKills":144,"stat.pickup.minecraft.diamond_boots":1,"stat.useItem.carryon.entity_item":3,"stat.useItem.minecraft.golden_apple":2,"stat.useItem.minecraft.mossy_cobblestone":2,"stat.pickup.minecraft.diamond":45,"stat.mineBlock.wings.fairy_dust_ore":33,"stat.sneakTime":2545,"stat.pickup.wings.amethyst":12,"stat.pickup.minecraft.wool":11,"stat.drop.botania.mushroom":1,"stat.drop.minecraft.arrow":1,"stat.mineBlock.minecraft.stone":300}