{"stat.leaveGame":6,"stat.drop.minecraft.gunpowder":1,"stat.pickup.jurassicraft.plant_fossil":3,"stat.mineBlock.minecraft.sandstone":10,"stat.pickup.jurassicraft.crickets":18,"stat.craftItem.minecraft.shield":2,"stat.craftItem.extrautils2.endershard":24,"stat.craftItem.mca.wedding_ring":1,"stat.pickup.minecraft.rotten_flesh":40,"stat.useItem.chisel.marble":141,"stat.craftItem.minecraft.stone_axe":3,"stat.killEntity.Enderman":3,"stat.pickup.grimoireofgaia.misc_fur":2,"stat.pickup.minecraft.brown_mushroom":2,"stat.craftItem.wings.evil_wings":1,"stat.pickup.artifacts.lucky_horseshoe":2,"stat.killEntity.Witch":1,"stat.killEntity.grimoireofgaia.creep":1,"stat.drop.minecraft.gold_ingot":3,"stat.useItem.minecraft.iron_pickaxe":144,"stat.pickup.minecraft.stained_hardened_clay":1,"stat.craftItem.minecraft.wooden_pickaxe":1,"stat.drop.minecraft.cooked_mutton":5,"stat.mineBlock.evilcraft.environmental_accumulator":1,"stat.craftItem.minecraft.bed":3,"stat.mineBlock.chisel.marble2":4,"stat.mineBlock.minecraft.vine":1,"stat.killEntity.grimoireofgaia.deathword":1,"stat.pickup.artifacts.feral_claws":2,"stat.furnaceInteraction":273,"stat.craftItem.spartanweaponry.material":1,"stat.killEntity.grimoireofgaia.ender_eye":7,"stat.killEntity.ZombieVillager":2,"stat.mineBlock.traverse.fir_log":194,"stat.pickup.minecraft.beef":265,"stat.mineBlock.minecraft.stained_hardened_clay":1,"stat.pickup.mca.rose_gold_ore":11,"stat.entityKilledBy.grimoireofgaia.deathword":2,"stat.killEntity.Husk":5,"stat.pickup.minecraft.emerald":9,"stat.useItem.minecraft.beef":35,"stat.deaths":15,"stat.mineBlock.minecraft.stone_pressure_plate":1,"stat.craftItem.minecraft.iron_pickaxe":1,"stat.drop.minecraft.iron_ingot":1,"stat.drop.minecraft.glass_bottle":2,"stat.pickup.chisel.marble2":4,"stat.mineBlock.minecraft.tallgrass":69,"stat.craftItem.minecraft.cooked_mutton":66,"stat.pickup.bountifulbaubles.potionwormhole":1,"stat.pickup.minecraft.cooked_mutton":9,"stat.chestOpened":221,"stat.useItem.minecraft.cooked_rabbit":1,"stat.craftItem.traverse.fir_planks":612,"stat.craftItem.minecraft.light_weighted_pressure_plate":3,"stat.killEntity.grimoireofgaia.orc":2,"stat.pickup.botania.mushroom":3,"stat.useItem.minecraft.stone":8,"stat.pickup.minecraft.arrow":30,"stat.killEntity.grimoireofgaia.cecaelia":1,"stat.pickup.minecraft.gold_nugget":19,"stat.useItem.hammertime.itemhammeriron":5,"stat.drop.minecraft.iron_pickaxe":2,"stat.mineBlock.botania.mushroom":7,"stat.pickup.botania.lexicon":1,"stat.pickup.minecraft.carrot":1,"stat.crouchOneCm":44627,"stat.pickup.grimoireofgaia.pickup_heart":10,"stat.craftItem.minecraft.iron_ingot":88,"stat.craftingTableInteraction":143,"stat.craftItem.extrautils2.decorativesolid":56,"stat.drop.backpacks16840.backpack":1,"stat.mineBlock.minecraft.log2":20,"stat.pickup.minecraft.wooden_pickaxe":1,"stat.pickup.minecraft.dye":81,"stat.pickup.minecraft.planks":225,"stat.pickup.chisel.limestone2":13,"stat.craftItem.minecraft.diamond_shovel":1,"stat.drop.jurassicraft.crickets":5,"stat.pickup.minecraft.wheat_seeds":12,"stat.killEntity.grimoireofgaia.flesh_lich":3,"stat.killEntity.grimoireofgaia.anubis":1,"stat.craftItem.extrautils2.pipe":256,"stat.mineBlock.minecraft.dirt":378,"stat.pickup.evilcraft.origins_of_darkness":1,"stat.drop.minecraft.rotten_flesh":3,"stat.useItem.minecraft.cobblestone":431,"stat.mineBlock.minecraft.double_plant":2,"stat.killEntity.grimoireofgaia.oni":2,"stat.craftItem.backpacks16840.backpack":3,"stat.pickup.jurassicraft.cockroaches":1,"stat.pickup.minecraft.iron_pickaxe":1,"stat.craftItem.minecraft.gold_ingot":15,"stat.pickup.minecraft.chicken":10,"stat.pickup.minecraft.apple":7,"stat.pickup.traverse.fir_planks":67,"stat.craftItem.minecraft.planks":792,"stat.useItem.minecraft.iron_sword":255,"stat.useItem.minecraft.stonebrick":1,"stat.mineBlock.minecraft.log":64,"stat.useItem.carryon.entity_item":3,"stat.pickup.minecraft.red_flower":1,"stat.pickup.minecraft.wool":83,"stat.pickup.extrautils2.pipe":28,"stat.craftItem.minecraft.cooked_rabbit":1,"stat.craftItem.minecraft.diamond_leggings":1,"stat.mineBlock.minecraft.cobblestone":54,"stat.pickup.minecraft.stone_pickaxe":1,"stat.pickup.minecraft.flint":4,"stat.mineBlock.minecraft.yellow_flower":1,"stat.craftItem.spartanweaponry.greatsword_diamond":1,"stat.drop.minecraft.cobblestone":1,"stat.entityKilledBy.grimoireofgaia.arachne":1,"stat.mineBlock.chisel.marble":84,"stat.pickup.wings.fairy_dust":43,"stat.useItem.chococraft.gysahl_green":4,"stat.useItem.minecraft.stone_slab2":181,"stat.pickup.minecraft.bow":3,"stat.craftItem.minecraft.furnace":26,"stat.craftItem.minecraft.iron_boots":1,"stat.craftItem.minecraft.cooked_beef":69,"stat.flyOneCm":2669755,"stat.pickup.minecraft.sandstone":3,"stat.craftItem.extrautils2.passivegenerator":42,"stat.craftItem.extrautils2.grocket":4,"stat.timeSinceDeath":2188,"stat.craftItem.minecraft.iron_block":3,"stat.craftItem.minecraft.stonebrick":56,"stat.useItem.jurassicraft.neck_vertebrae":2,"stat.mineBlock.minecraft.coal_ore":38,"stat.killEntity.Creeper":13,"stat.talkedToVillager":155,"stat.pickup.extrautils2.ingredients":2,"stat.pickup.minecraft.string":18,"stat.pickup.tombstone.crafting_ingredient":7,"stat.drop.spartanweaponry.battleaxe_iron":1,"stat.sprintOneCm":1003859,"stat.useItem.minecraft.diamond_shovel":477,"stat.mineBlock.minecraft.stone_slab":1,"stat.pickup.extrautils2.passivegenerator":60,"stat.useItem.carryon.tile_item":20,"stat.craftItem.extrautils2.indexer":1,"stat.mineBlock.minecraft.diamond_ore":50,"stat.pickup.jurassicraft.disc_troodons_and_raptors":1,"stat.drop.evilcraft.origins_of_darkness":1,"stat.drop.jurassicraft.cockroaches":1,"stat.pickup.grimoireofgaia.misc_pearl":2,"stat.killEntity.Zombie":41,"stat.craftItem.minecraft.dye":1,"stat.craftItem.minecraft.diamond_axe":1,"stat.mineBlock.minecraft.gold_ore":56,"stat.diveOneCm":62319,"stat.drop.minecraft.diamond_pickaxe":2,"stat.pickup.minecraft.wheat":7,"stat.drop.artifacts.bottled_cloud":1,"stat.mineBlock.minecraft.mossy_cobblestone":4,"stat.drop.traverse.fir_log":1,"stat.mineBlock.evilcraft.box_of_eternal_closure":1,"stat.mineBlock.traverse.fir_leaves":20,"stat.craftItem.minecraft.cooked_porkchop":32,"stat.pickup.minecraft.stone_axe":1,"stat.mineBlock.extrautils2.resonator":4,"stat.killEntity.grimoireofgaia.vase":6,"stat.craftItem.minecraft.diamond_sword":1,"stat.useItem.traverse.fir_log":1,"stat.jump":8159,"stat.useItem.minecraft.sand":21,"stat.pickup.minecraft.coal":163,"stat.pickup.minecraft.iron_ingot":1,"stat.pickup.extrautils2.indexer":9,"stat.pickup.minecraft.gunpowder":12,"stat.pickup.minecraft.dirt":337,"stat.pickup.evilcraft.dark_gem_crushed":3,"stat.drop.minecraft.iron_shovel":1,"stat.mineBlock.wings.amethyst_ore":28,"stat.pickup.artifacts.cobalt_shield":1,"stat.pickup.minecraft.gold_ore":58,"stat.mineBlock.minecraft.lapis_ore":9,"stat.damageTaken":-2147467624,"stat.pickup.grimoireofgaia.box":1,"stat.mineBlock.minecraft.melon_block":2,"stat.mineBlock.minecraft.red_flower":2,"stat.mineBlock.minecraft.torch":7,"stat.pickup.minecraft.log2":20,"stat.pickup.minecraft.bed":4,"stat.killEntity.grimoireofgaia.yuki-onna":1,"stat.pickup.artifacts.thorn_pendant":2,"stat.pickup.artifacts.shock_pendant":1,"stat.pickup.chococraft.gysahl_green":3,"stat.pickup.artifacts.shiny_red_balloon":3,"stat.craftItem.minecraft.stone_slab":24,"stat.useItem.minecraft.chest":28,"stat.pickup.minecraft.diamond_pickaxe":2,"stat.killEntity.grimoireofgaia.werecat":1,"stat.pickup.grimoireofgaia.food_honey":2,"stat.useItem.spartanweaponry.battleaxe_iron":120,"stat.pickup.traverse.fir_log":233,"stat.pickup.bountifulbaubles.potionrecall":2,"stat.useItem.minecraft.melon":9,"stat.pickup.wolfarmor.gold_wolf_armor":1,"stat.pickup.wolfarmor.diamond_wolf_armor":1,"stat.craftItem.minecraft.iron_chestplate":1,"stat.craftItem.hammertime.itemhammerdiamond":1,"stat.pickup.minecraft.ender_pearl":5,"stat.drop.mca.baby_girl":2,"stat.craftItem.minecraft.bookshelf":1,"stat.mineBlock.minecraft.stonebrick":4,"stat.mobKills":315,"stat.pickup.minecraft.diamond_boots":1,"stat.pickup.artifacts.whoopie_cushion":2,"stat.useItem.minecraft.mossy_cobblestone":2,"stat.pickup.minecraft.diamond":56,"stat.mineBlock.wings.fairy_dust_ore":33,"stat.pickup.minecraft.torch":9,"stat.pickup.wings.amethyst":25,"stat.drop.minecraft.arrow":1,"stat.killEntity.grimoireofgaia.cyclops":7,"stat.craftItem.backpacks16840.backpack_pouch":1,"stat.killEntity.grimoireofgaia.ant":6,"stat.drop.minecraft.shield":1,"stat.useItem.minecraft.mutton":15,"stat.drop.mca.wedding_ring":1,"stat.pickup.evilcraft.environmental_accumulation_core":1,"stat.useItem.minecraft.planks":455,"stat.drop.dynamictrees.birchseed":9,"stat.pickup.minecraft.porkchop":31,"stat.pickup.minecraft.glass":9,"stat.pickup.minecraft.sand":101,"stat.useItem.spartanweaponry.greatsword_diamond":40,"stat.entityKilledBy.Spider":1,"stat.useItem.traverse.fir_planks":525,"stat.craftItem.spartanshields.shield_tower_diamond":1,"stat.pickup.minecraft.name_tag":1,"stat.pickup.artifacts.power_glove":1,"stat.useItem.minecraft.ender_pearl":2,"stat.mineBlock.minecraft.sand":83,"stat.craftItem.extrautils2.resonator":1,"stat.killEntity.grimoireofgaia.goblin":1,"stat.mineBlock.traverse.fir_planks":48,"stat.pickup.artifacts.night_vision_goggles":1,"stat.useItem.extrautils2.pipe":227,"stat.pickup.minecraft.furnace":20,"stat.useItem.minecraft.cooked_mutton":68,"stat.mineBlock.extrautils2.passivegenerator":58,"stat.mineBlock.jurassicraft.gypsum_stone":4,"stat.playOneMinute":456995,"stat.drop.minecraft.string":2,"stat.drop.wolfarmor.diamond_wolf_armor":1,"stat.pickup.traverse.fir_sapling":15,"stat.drop.jurassicraft.leg_bones":1,"stat.pickup.spartanweaponry.battleaxe_iron":1,"stat.useItem.minecraft.experience_bottle":5,"stat.fallOneCm":139572,"stat.drop.minecraft.stone":6,"stat.pickup.artifacts.pocket_piston":2,"stat.craftItem.minecraft.chest":36,"stat.pickup.minecraft.red_mushroom":1,"stat.pickup.minecraft.melon":9,"stat.pickup.jurassicraft.gypsum_powder":15,"stat.pickup.minecraft.emerald_ore":1,"stat.pickup.minecraft.feather":9,"stat.drop.minecraft.bone":1,"stat.pickup.minecraft.record_cat":1,"stat.mineBlock.extrautils2.indexer":9,"stat.useItem.minecraft.furnace":19,"stat.craftItem.extrautils2.ingredients":16,"stat.mineBlock.minecraft.gravel":33,"stat.useItem.minecraft.stone_pickaxe":121,"stat.craftItem.minecraft.iron_leggings":1,"stat.killEntity.grimoireofgaia.bone_knight":3,"stat.useItem.minecraft.wool":1,"stat.useItem.minecraft.torch":3,"stat.pickup.minecraft.golden_apple":1,"stat.drop.tombstone.crafting_ingredient":5,"stat.pickup.minecraft.iron_nugget":58,"stat.useItem.extrautils2.grocket":1,"stat.pickup.minecraft.crafting_table":3,"stat.useItem.minecraft.log":1,"stat.craftItem.minecraft.crafting_table":8,"stat.killEntity.grimoireofgaia.arachne":7,"stat.mineBlock.minecraft.emerald_ore":9,"stat.pickup.extrautils2.grocket":2,"stat.pickup.minecraft.log":179,"stat.pickup.minecraft.sapling":2,"stat.drop.wolfarmor.gold_wolf_armor":1,"stat.pickup.jurassicraft.leg_bones":2,"stat.craftItem.spartanshields.shield_tower_wood":1,"stat.pickup.spartanshields.shield_tower_diamond":1,"stat.craftItem.minecraft.cooked_chicken":4,"stat.sneakTime":9276,"stat.pickup.minecraft.rabbit":1,"stat.drop.botania.mushroom":1,"stat.pickup.minecraft.stone_slab":1,"stat.pickup.minecraft.yellow_flower":1,"stat.mineBlock.jurassicraft.psaronius_log_petrified":3,"stat.craftItem.minecraft.diamond_chestplate":1,"stat.pickup.minecraft.bone":15,"stat.horseOneCm":6244,"stat.useItem.minecraft.diamond_sword":638,"stat.drop.minecraft.iron_nugget":2,"stat.craftItem.minecraft.diamond_helmet":1,"stat.craftItem.extrautils2.glasscutter":1,"stat.swimOneCm":47357,"stat.climbOneCm":1501,"stat.mineBlock.evilcraft.dark_ore":10,"stat.pickup.chisel.marble":163,"stat.useItem.minecraft.dirt":159,"stat.killEntity.artifacts.mimic":19,"stat.pickup.minecraft.anvil":1,"stat.useItem.minecraft.iron_ore":1,"stat.craftItem.minecraft.stone_pickaxe":1,"stat.pickup.minecraft.cobblestone":2551,"stat.useItem.grimoireofgaia.food_honey":2,"stat.mineBlock.chisel.limestone2":9,"stat.pickup.minecraft.glass_bottle":1,"stat.drop.minecraft.wheat_seeds":5,"stat.useItem.minecraft.cooked_beef":66,"stat.pickup.minecraft.cactus":1,"stat.pickup.minecraft.redstone":265,"stat.mineBlock.minecraft.iron_ore":70,"stat.pickup.minecraft.mutton":54,"stat.pickup.minecraft.mossy_cobblestone":4,"stat.craftItem.extrautils2.screen":1,"stat.pickup.minecraft.stonebrick":2,"stat.drop.minecraft.dirt":1,"stat.useItem.minecraft.cooked_porkchop":29,"stat.pickup.minecraft.iron_shovel":1,"stat.pickup.chococraft.chocobo_feather":1,"stat.craftItem.minecraft.stone_slab2":0,"stat.pickup.minecraft.paper":1,"stat.craftItem.minecraft.stick":44,"stat.useItem.extrautils2.passivegenerator":85,"stat.craftItem.minecraft.stone":136,"stat.mineBlock.minecraft.crafting_table":2,"stat.pickup.extrautils2.resonator":4,"stat.useItem.minecraft.diamond_pickaxe":1681,"stat.useItem.minecraft.carrot":1,"stat.mineBlock.minecraft.planks":26,"stat.drop":76,"stat.craftItem.hammertime.itemhammeriron":1,"stat.killEntity.Sheep":34,"stat.craftItem.minecraft.diamond_pickaxe":2,"stat.pickup.artifacts.bottled_cloud":3,"stat.pickup.evilcraft.box_of_eternal_closure":1,"stat.pickup.minecraft.gravel":40,"stat.drop.minecraft.cooked_beef":1,"stat.useItem.minecraft.diamond_axe":293,"stat.mineBlock.minecraft.anvil":2,"stat.useItem.minecraft.apple":1,"stat.mineBlock.minecraft.deadbush":1,"stat.pickup.jurassicraft.psaronius_log_petrified":3,"stat.useItem.minecraft.porkchop":3,"stat.useItem.minecraft.potion":1,"stat.useItem.minecraft.stone_axe":92,"stat.entityKilledBy.CaveSpider":1,"stat.pickup.minecraft.spider_eye":3,"stat.craftItem.minecraft.iron_helmet":1,"stat.useItem.minecraft.cooked_chicken":4,"stat.pickup.minecraft.iron_ore":83,"stat.mineBlock.mca.rose_gold_ore":5,"stat.useItem.spartanweaponry.hammer_iron":1,"stat.mineBlock.minecraft.leaves2":1,"stat.pickup.minecraft.leather":93,"stat.mineBlock.minecraft.furnace":20,"stat.useItem.minecraft.wooden_pickaxe":14,"stat.entityKilledBy.grimoireofgaia.nine_tails":1,"stat.pickup.evilcraft.dark_gem":23,"stat.killEntity.CaveSpider":5,"stat.drop.chococraft.gysahl_green":3,"stat.damageDealt":66916,"stat.craftItem.minecraft.glass":6,"stat.sleepInBed":4,"stat.craftItem.minecraft.anvil":1,"stat.killEntity.Cow":56,"stat.killEntity.Pig":14,"stat.craftItem.minecraft.iron_sword":1,"stat.pickup.grimoireofgaia.food_meat":3,"stat.walkOneCm":953595,"stat.playerKills":1,"stat.pickup.dynamictrees.birchseed":31,"stat.pickup.minecraft.stick":77,"stat.mineBlock.jurassicraft.plant_fossil_block":1,"stat.pickup.minecraft.clay_ball":1,"stat.mineBlock.chisel.basalt2":1,"stat.craftItem.minecraft.diamond_boots":1,"stat.pickup.openblocks.info_book":1,"stat.pickup.minecraft.stone":158,"stat.killEntity.Skeleton":31,"stat.mineBlock.minecraft.cactus":1,"stat.killEntity.Chicken":11,"stat.killEntity.Spider":14,"stat.pickup.minecraft.bread":1,"stat.useItem.minecraft.golden_apple":4,"stat.mineBlock.minecraft.leaves":22,"stat.killEntity.grimoireofgaia.naga":1,"stat.mineBlock.minecraft.redstone_ore":54,"stat.craftItem.minecraft.coal_block":1,"stat.mineBlock.minecraft.stone":1255}