{"stat.pickup.minecraft.bone":4,"stat.horseOneCm":59636,"stat.useItem.minecraft.iron_axe":45,"stat.leaveGame":2,"stat.mineBlock.minecraft.cobblestone":31,"stat.craftItem.minecraft.iron_axe":1,"stat.useItem.minecraft.diamond_sword":53,"stat.mineBlock.minecraft.sandstone":1,"stat.pickup.jurassicraft.crickets":5,"stat.swimOneCm":40335,"stat.killEntity.grimoireofgaia.mite":4,"stat.pickup.minecraft.porkchop":9,"stat.useItem.minecraft.dirt":16,"stat.pickup.wings.fairy_dust":9,"stat.useItem.minecraft.stone_slab2":16,"stat.pickup.minecraft.bow":2,"stat.entityKilledBy.grimoireofgaia.mummy":1,"stat.pickup.minecraft.rotten_flesh":11,"stat.pickup.minecraft.sand":1,"stat.craftItem.minecraft.furnace":2,"stat.craftItem.minecraft.iron_boots":1,"stat.useItem.minecraft.iron_ore":1,"stat.craftItem.minecraft.stone_pickaxe":1,"stat.craftItem.minecraft.cooked_beef":4,"stat.pickup.minecraft.cobblestone":920,"stat.mineBlock.chisel.limestone2":16,"stat.flyOneCm":277562,"stat.pickup.minecraft.sandstone":2,"stat.mineBlock.minecraft.sand":2,"stat.useItem.minecraft.cooked_beef":3,"stat.useItem.backpacks16840.backpack":2,"stat.pickup.minecraft.cactus":2,"stat.mineBlock.minecraft.iron_ore":49,"stat.timeSinceDeath":26957,"stat.useItem.minecraft.iron_pickaxe":859,"stat.pickup.minecraft.mutton":4,"stat.pickup.minecraft.mossy_cobblestone":10,"stat.mineBlock.chisel.marble2":356,"stat.furnaceInteraction":81,"stat.drop.wings.fairy_dust":9,"stat.useItem.minecraft.cooked_porkchop":9,"stat.mineBlock.minecraft.coal_ore":100,"stat.talkedToVillager":2,"stat.drop.openblocks.info_book":3,"stat.pickup.minecraft.string":1,"stat.pickup.minecraft.furnace":3,"stat.useItem.minecraft.cooked_mutton":6,"stat.pickup.tombstone.crafting_ingredient":1,"stat.entityKilledBy.Skeleton":1,"stat.craftItem.minecraft.stone_slab2":0,"stat.killEntity.Squid":2,"stat.sprintOneCm":174350,"stat.craftItem.minecraft.stick":16,"stat.pickup.mca.rose_gold_ore":4,"stat.pickup.minecraft.stone_stairs":10,"stat.mineBlock.minecraft.diamond_ore":8,"stat.mineBlock.minecraft.crafting_table":5,"stat.killEntity.Husk":2,"stat.pickup.minecraft.golden_horse_armor":1,"stat.deaths":9,"stat.drop":17,"stat.playOneMinute":122127,"stat.drop.tombstone.grave_key":1,"stat.killEntity.Sheep":3,"stat.craftItem.minecraft.iron_pickaxe":3,"stat.killEntity.Zombie":17,"stat.craftItem.minecraft.dye":2,"stat.pickup.artifacts.bottled_cloud":1,"stat.drop.minecraft.iron_ingot":1,"stat.drop.minecraft.torch":24,"stat.mineBlock.minecraft.gold_ore":1,"stat.pickup.chisel.marble2":356,"stat.mineBlock.minecraft.tallgrass":15,"stat.craftItem.minecraft.cooked_mutton":6,"stat.diveOneCm":41336,"stat.pickup.minecraft.wheat":1,"stat.chestOpened":3,"stat.mineBlock.minecraft.mossy_cobblestone":10,"stat.useItem.minecraft.splash_potion":1,"stat.useItem.minecraft.stone":10,"stat.pickup.minecraft.arrow":7,"stat.craftItem.minecraft.cooked_porkchop":9,"stat.drop.jurassicraft.leg_bones":1,"stat.pickup.minecraft.gold_nugget":2,"stat.craftItem.minecraft.diamond_sword":1,"stat.jump":1587,"stat.pickup.minecraft.coal":165,"stat.pickup.minecraft.cooked_chicken":1,"stat.fallOneCm":34165,"stat.pickup.minecraft.iron_ingot":26,"stat.entityKilledBy.CaveSpider":1,"stat.pickup.minecraft.gunpowder":53,"stat.crouchOneCm":19437,"stat.mineBlock.minecraft.chest":1,"stat.craftItem.minecraft.iron_ingot":24,"stat.craftItem.minecraft.torch":32,"stat.pickup.minecraft.dirt":106,"stat.craftItem.minecraft.iron_helmet":1,"stat.useItem.minecraft.cooked_chicken":6,"stat.craftingTableInteraction":26,"stat.pickup.minecraft.iron_ore":46,"stat.mineBlock.mca.rose_gold_ore":4,"stat.pickup.minecraft.gold_ore":1,"stat.mineBlock.minecraft.log2":27,"stat.mineBlock.minecraft.stone_stairs":10,"stat.pickup.minecraft.feather":2,"stat.damageTaken":4139,"stat.mineBlock.minecraft.torch":18,"stat.mineBlock.minecraft.red_flower":1,"stat.mineBlock.minecraft.furnace":3,"stat.pickup.minecraft.log2":27,"stat.pickup.minecraft.dye":5,"stat.pickup.minecraft.planks":38,"stat.pickup.backpacks16840.backpack":1,"stat.pickup.chisel.limestone2":11,"stat.killEntity.CaveSpider":2,"stat.drop.jurassicraft.crickets":1,"stat.pickup.minecraft.wheat_seeds":1,"stat.entityKilledBy.Zombie":1,"stat.useItem.minecraft.stone_pickaxe":109,"stat.craftItem.minecraft.iron_leggings":1,"stat.damageDealt":9623,"stat.killEntity.grimoireofgaia.bone_knight":1,"stat.pickup.openblocks.technicolor_glasses":1,"stat.pickup.chococraft.gysahl_green":1,"stat.mineBlock.minecraft.dirt":100,"stat.useItem.minecraft.crafting_table":1,"stat.killEntity.Pig":4,"stat.craftItem.minecraft.iron_sword":1,"stat.walkOneCm":277041,"stat.useItem.minecraft.torch":27,"stat.pickup.minecraft.stick":4,"stat.pickup.minecraft.iron_nugget":18,"stat.mineBlock.jurassicraft.plant_fossil_block":2,"stat.pickup.minecraft.crafting_table":5,"stat.useItem.minecraft.cobblestone":78,"stat.craftItem.minecraft.crafting_table":2,"stat.pickup.minecraft.log":1,"stat.entityKilledBy.grimoireofgaia.anubis":1,"stat.pickup.minecraft.iron_pickaxe":2,"stat.pickup.wolfarmor.gold_wolf_armor":1,"stat.pickup.openblocks.info_book":3,"stat.pickup.wolfarmor.diamond_wolf_armor":1,"stat.craftItem.minecraft.gold_ingot":19,"stat.pickup.minecraft.stone":39,"stat.craftItem.minecraft.iron_chestplate":1,"stat.killEntity.grimoireofgaia.mummy":1,"stat.pickup.minecraft.chicken":6,"stat.pickup.minecraft.sapling":1,"stat.pickup.minecraft.wooden_door":1,"stat.pickup.minecraft.cooked_beef":1,"stat.pickup.jurassicraft.leg_bones":1,"stat.killEntity.Skeleton":4,"stat.pickup.dynamictrees.cactusseed":1,"stat.craftItem.minecraft.planks":112,"stat.useItem.minecraft.iron_sword":148,"stat.killEntity.Chicken":6,"stat.entityKilledBy.grimoireofgaia.ant":1,"stat.mobKills":53,"stat.pickup.minecraft.diamond_boots":1,"stat.mineBlock.minecraft.log":1,"stat.craftItem.minecraft.cooked_chicken":6,"stat.pickup.bountifulbaubles.trinketbezoar":1,"stat.useItem.minecraft.mossy_cobblestone":9,"stat.pickup.minecraft.diamond":8,"stat.mineBlock.wings.fairy_dust_ore":9,"stat.pickup.minecraft.torch":51,"stat.pickup.minecraft.red_flower":2,"stat.sneakTime":5232,"stat.pickup.wings.amethyst":2,"stat.pickup.minecraft.wool":1,"stat.mineBlock.minecraft.stone":356,"stat.pickup.minecraft.chest":2}