{"stat.leaveGame":3,"stat.pickup.grimoireofgaia.misc_soul_fire":1,"stat.craftItem.minecraft.iron_axe":2,"stat.drop.hammertime.itemhammerdiamond":1,"stat.entityKilledBy.grimoireofgaia.siren":1,"stat.mineBlock.minecraft.sandstone":1,"stat.pickup.jurassicraft.crickets":17,"stat.killEntity.grimoireofgaia.mite":4,"stat.useItem.minecraft.planks":434,"stat.pickup.minecraft.porkchop":13,"stat.pickup.minecraft.glass":2,"stat.craftItem.spartanweaponry.hammer_iron":1,"stat.pickup.minecraft.rotten_flesh":13,"stat.pickup.minecraft.sand":1,"stat.useItem.spartanweaponry.greatsword_diamond":1,"stat.useItem.chisel.marble":266,"stat.useItem.traverse.fir_planks":91,"stat.killEntity.Enderman":3,"stat.craftItem.minecraft.iron_shovel":2,"stat.mineBlock.minecraft.sand":2,"stat.craftItem.wings.evil_wings":1,"stat.entityKilledBy.Chicken":1,"stat.useItem.minecraft.iron_pickaxe":1679,"stat.useItem.minecraft.iron_shovel":429,"stat.craftItem.minecraft.glass_pane":96,"stat.mineBlock.traverse.fir_planks":136,"stat.mineBlock.chisel.marble2":668,"stat.mineBlock.chisel.marble1":54,"stat.furnaceInteraction":140,"stat.drop.wings.fairy_dust":9,"stat.craftItem.spartanweaponry.material":1,"stat.mineBlock.botania.flower":1,"stat.mineBlock.traverse.fir_log":51,"stat.drop.openblocks.info_book":3,"stat.drop.spartanweaponry.greatsword_diamond":1,"stat.mineBlock.minecraft.birch_stairs":1,"stat.pickup.minecraft.beef":7,"stat.pickup.minecraft.furnace":11,"stat.useItem.minecraft.cooked_mutton":26,"stat.pickup.mca.rose_gold_ore":4,"stat.pickup.minecraft.stone_stairs":10,"stat.killEntity.Husk":2,"stat.pickup.minecraft.emerald":1,"stat.pickup.minecraft.saddle":1,"stat.deaths":13,"stat.playOneMinute":415707,"stat.craftItem.minecraft.iron_pickaxe":7,"stat.drop.minecraft.iron_ingot":1,"stat.drop.minecraft.torch":24,"stat.pickup.spartanweaponry.hammer_iron":1,"stat.pickup.chisel.marble1":55,"stat.pickup.chisel.marble2":747,"stat.mineBlock.minecraft.tallgrass":30,"stat.craftItem.minecraft.cooked_mutton":15,"stat.pickup.minecraft.cooked_mutton":11,"stat.chestOpened":34,"stat.useItem.minecraft.splash_potion":1,"stat.craftItem.traverse.fir_planks":52,"stat.useItem.minecraft.stone":10,"stat.pickup.traverse.fir_sapling":5,"stat.pickup.minecraft.arrow":14,"stat.drop.jurassicraft.leg_bones":1,"stat.pickup.minecraft.gold_nugget":2,"stat.pickup.minecraft.cooked_chicken":1,"stat.fallOneCm":40207,"stat.pickup.minecraft.carrot":1,"stat.crouchOneCm":130861,"stat.mineBlock.minecraft.chest":3,"stat.craftItem.minecraft.iron_ingot":55,"stat.craftingTableInteraction":38,"stat.useItem.chisel.marble1":349,"stat.mineBlock.minecraft.log2":27,"stat.useItem.chisel.marble2":24,"stat.pickup.minecraft.feather":2,"stat.useItem.minecraft.furnace":7,"stat.pickup.minecraft.dye":5,"stat.pickup.minecraft.planks":132,"stat.pickup.backpacks16840.backpack":1,"stat.pickup.chisel.limestone2":11,"stat.craftItem.minecraft.diamond_shovel":1,"stat.drop.jurassicraft.crickets":1,"stat.pickup.minecraft.wheat_seeds":5,"stat.mineBlock.minecraft.gravel":40,"stat.useItem.minecraft.stone_pickaxe":109,"stat.craftItem.minecraft.birch_stairs":12,"stat.mineBlock.minecraft.glass":3,"stat.craftItem.minecraft.iron_leggings":1,"stat.killEntity.grimoireofgaia.bone_knight":1,"stat.pickup.openblocks.technicolor_glasses":1,"stat.mineBlock.minecraft.dirt":546,"stat.useItem.minecraft.torch":78,"stat.useItem.minecraft.bread":1,"stat.pickup.minecraft.iron_nugget":22,"stat.pickup.minecraft.crafting_table":7,"stat.useItem.minecraft.cobblestone":123,"stat.craftItem.minecraft.crafting_table":3,"stat.killEntity.grimoireofgaia.oni":2,"stat.pickup.minecraft.log":214,"stat.entityKilledBy.grimoireofgaia.anubis":1,"stat.pickup.minecraft.iron_pickaxe":2,"stat.craftItem.minecraft.gold_ingot":35,"stat.killEntity.grimoireofgaia.mummy":1,"stat.pickup.minecraft.chicken":6,"stat.craftItem.chisel.chisel_iron":2,"stat.pickup.minecraft.sapling":1,"stat.pickup.minecraft.wooden_door":1,"stat.useItem.minecraft.glass_pane":87,"stat.pickup.jurassicraft.leg_bones":1,"stat.pickup.traverse.fir_planks":117,"stat.drop.spartanweaponry.hammer_iron":1,"stat.craftItem.minecraft.planks":508,"stat.useItem.minecraft.iron_sword":148,"stat.mineBlock.minecraft.log":120,"stat.craftItem.minecraft.cooked_chicken":11,"stat.pickup.bountifulbaubles.trinketbezoar":1,"stat.pickup.spartanweaponry.greatsword_diamond":1,"stat.pickup.minecraft.red_flower":2,"stat.sneakTime":29347,"stat.pickup.minecraft.wool":2,"stat.mineBlock.jurassicraft.psaronius_log_petrified":1,"stat.pickup.minecraft.chest":4,"stat.pickup.minecraft.bone":8,"stat.horseOneCm":59636,"stat.useItem.minecraft.iron_axe":411,"stat.mineBlock.minecraft.cobblestone":38,"stat.pickup.minecraft.flint":3,"stat.useItem.minecraft.diamond_sword":117,"stat.swimOneCm":47684,"stat.pickup.chisel.marble":42,"stat.mineBlock.chisel.marble":39,"stat.useItem.minecraft.dirt":183,"stat.pickup.wings.fairy_dust":10,"stat.useItem.minecraft.stone_slab2":59,"stat.pickup.minecraft.bow":2,"stat.entityKilledBy.grimoireofgaia.mummy":1,"stat.craftItem.minecraft.furnace":2,"stat.craftItem.minecraft.iron_boots":1,"stat.pickup.minecraft.anvil":1,"stat.useItem.minecraft.iron_ore":1,"stat.craftItem.minecraft.stone_pickaxe":1,"stat.craftItem.minecraft.cooked_beef":7,"stat.pickup.minecraft.cobblestone":2630,"stat.mineBlock.chisel.limestone2":16,"stat.flyOneCm":1100637,"stat.pickup.minecraft.sandstone":2,"stat.useItem.minecraft.cooked_beef":10,"stat.useItem.backpacks16840.backpack":4,"stat.pickup.minecraft.cactus":2,"stat.mineBlock.minecraft.iron_ore":57,"stat.timeSinceDeath":69883,"stat.pickup.minecraft.mutton":6,"stat.pickup.minecraft.mossy_cobblestone":10,"stat.useItem.minecraft.cooked_porkchop":15,"stat.mineBlock.minecraft.coal_ore":108,"stat.pickup.chococraft.chocobo_feather":1,"stat.killEntity.Creeper":2,"stat.talkedToVillager":63,"stat.pickup.minecraft.string":1,"stat.pickup.mca.wedding_ring":1,"stat.pickup.tombstone.crafting_ingredient":5,"stat.entityKilledBy.Skeleton":1,"stat.craftItem.minecraft.stone_slab2":0,"stat.pickup.minecraft.birch_stairs":1,"stat.killEntity.Squid":2,"stat.sprintOneCm":661738,"stat.craftItem.minecraft.stick":32,"stat.useItem.carryon.tile_item":1,"stat.pickup.hammertime.itemhammerdiamond":1,"stat.mineBlock.minecraft.diamond_ore":8,"stat.mineBlock.minecraft.crafting_table":6,"stat.pickup.minecraft.golden_horse_armor":1,"stat.pickup.botania.flower":1,"stat.mineBlock.minecraft.planks":21,"stat.drop":21,"stat.drop.tombstone.grave_key":1,"stat.killEntity.Sheep":4,"stat.killEntity.Zombie":21,"stat.craftItem.minecraft.dye":2,"stat.pickup.artifacts.bottled_cloud":1,"stat.useItem.minecraft.birch_stairs":12,"stat.mineBlock.minecraft.gold_ore":1,"stat.diveOneCm":44584,"stat.pickup.minecraft.wheat":1,"stat.mineBlock.minecraft.mossy_cobblestone":10,"stat.mineBlock.traverse.fir_leaves":3,"stat.pickup.minecraft.gravel":30,"stat.craftItem.minecraft.cooked_porkchop":15,"stat.useItem.minecraft.apple":7,"stat.mineBlock.minecraft.deadbush":1,"stat.pickup.jurassicraft.psaronius_log_petrified":1,"stat.craftItem.minecraft.diamond_sword":1,"stat.useItem.traverse.fir_log":75,"stat.jump":3789,"stat.pickup.minecraft.coal":165,"stat.pickup.minecraft.iron_ingot":28,"stat.entityKilledBy.CaveSpider":1,"stat.pickup.minecraft.gunpowder":54,"stat.craftItem.minecraft.torch":32,"stat.pickup.minecraft.dirt":414,"stat.craftItem.minecraft.iron_helmet":1,"stat.useItem.minecraft.cooked_chicken":11,"stat.pickup.minecraft.iron_ore":54,"stat.useItem.minecraft.glass":20,"stat.mineBlock.mca.rose_gold_ore":4,"stat.pickup.minecraft.gold_ore":1,"stat.useItem.spartanweaponry.hammer_iron":69,"stat.mineBlock.minecraft.glass_pane":2,"stat.mineBlock.minecraft.stone_stairs":10,"stat.damageTaken":6822,"stat.pickup.minecraft.leather":6,"stat.mineBlock.minecraft.torch":39,"stat.mineBlock.minecraft.red_flower":1,"stat.mineBlock.minecraft.furnace":11,"stat.pickup.minecraft.log2":27,"stat.killEntity.CaveSpider":2,"stat.pickup.minecraft.bed":1,"stat.entityKilledBy.Zombie":2,"stat.pickup.minecraft.rabbit_hide":1,"stat.damageDealt":16222,"stat.craftItem.minecraft.glass":72,"stat.sleepInBed":3,"stat.pickup.chococraft.gysahl_green":1,"stat.killEntity.Cow":4,"stat.useItem.minecraft.crafting_table":2,"stat.killEntity.Pig":8,"stat.craftItem.minecraft.iron_sword":1,"stat.walkOneCm":1154300,"stat.playerKills":1,"stat.useItem.minecraft.chest":2,"stat.pickup.dynamictrees.birchseed":39,"stat.pickup.minecraft.stick":71,"stat.mineBlock.jurassicraft.plant_fossil_block":2,"stat.pickup.traverse.fir_log":89,"stat.pickup.wolfarmor.gold_wolf_armor":1,"stat.pickup.openblocks.info_book":3,"stat.pickup.wolfarmor.diamond_wolf_armor":1,"stat.pickup.minecraft.stone":39,"stat.craftItem.minecraft.iron_chestplate":1,"stat.craftItem.hammertime.itemhammerdiamond":1,"stat.pickup.minecraft.ender_pearl":3,"stat.pickup.minecraft.cooked_beef":5,"stat.pickup.minecraft.gold_ingot":3,"stat.killEntity.Skeleton":9,"stat.pickup.dynamictrees.cactusseed":1,"stat.killEntity.Chicken":6,"stat.entityKilledBy.grimoireofgaia.ant":1,"stat.killEntity.Spider":1,"stat.pickup.minecraft.bread":1,"stat.mobKills":82,"stat.pickup.minecraft.diamond_boots":1,"stat.useItem.minecraft.mossy_cobblestone":9,"stat.pickup.minecraft.diamond":9,"stat.mineBlock.minecraft.leaves":2,"stat.mineBlock.wings.fairy_dust_ore":9,"stat.pickup.minecraft.torch":83,"stat.pickup.wings.amethyst":3,"stat.drop.minecraft.diamond_shovel":1,"stat.killEntity.grimoireofgaia.cyclops":1,"stat.mineBlock.minecraft.stone":742}