{
  "tombstone:tutorial/root": {
    "criteria": {
      "auto": "2024-05-12 16:49:20 +0000"
    },
    "done": true
  },
  "iceandfire:iceandfire/root": {
    "criteria": {
      "tick": "2024-05-12 16:49:20 +0000"
    },
    "done": true
  },
  "mowziesmobs:root": {
    "criteria": {
      "custom_test_name": "2024-05-12 16:49:20 +0000"
    },
    "done": true
  },
  "minecraft:adventure/adventuring_time": {
    "criteria": {
      "savanna": "2024-05-12 16:49:20 +0000"
    },
    "done": false
  }
}